{
  "version": 1,
  "author": "Gokul Raja",
  "editor": "wokwi",
  "parts": [
    {
      "type": "wokwi-esp32-devkit-v1",
      "id": "esp",
      "top": -158.5,
      "left": 33.4,
      "attrs": { "env": "micropython-20231005-v1.21.0" }
    },
    { "type": "wokwi-hc-sr04", "id": "ultrasonic1", "top": -267.3, "left": 245.5, "attrs": {} },
    { "type": "wokwi-hc-sr04", "id": "ultrasonic2", "top": -8.1, "left": 255.1, "attrs": {} },
    {
      "type": "wokwi-led",
      "id": "led1",
      "top": -349.2,
      "left": 253.4,
      "attrs": { "color": "red" }
    },
    {
      "type": "wokwi-led",
      "id": "led2",
      "top": -349.2,
      "left": 301.4,
      "attrs": { "color": "yellow" }
    },
    {
      "type": "wokwi-led",
      "id": "led3",
      "top": -349.2,
      "left": 359,
      "attrs": { "color": "green" }
    },
    {
      "type": "wokwi-led",
      "id": "led4",
      "top": -70.8,
      "left": 253.4,
      "attrs": { "color": "red" }
    },
    {
      "type": "wokwi-led",
      "id": "led5",
      "top": -70.8,
      "left": 311,
      "attrs": { "color": "yellow" }
    },
    {
      "type": "wokwi-led",
      "id": "led6",
      "top": -80.4,
      "left": 368.6,
      "attrs": { "color": "green" }
    }
  ],
  "connections": [
    [ "esp:TX0", "$serialMonitor:RX", "", [] ],
    [ "esp:RX0", "$serialMonitor:TX", "", [] ],
    [ "ultrasonic1:VCC", "esp:3V3", "red", [ "v76.8", "h-153.6", "v96" ] ],
    [ "ultrasonic1:GND", "esp:GND.1", "black", [ "v67.2", "h-193.2", "v96" ] ],
    [ "ultrasonic2:VCC", "ultrasonic1:VCC", "red", [ "v28.8", "h-124.8", "v-211.2", "h115.2" ] ],
    [ "ultrasonic2:GND", "ultrasonic1:GND", "black", [ "v9.6", "h123.6", "v-201.6", "h-134.4" ] ],
    [ "led4:A", "led5:A", "green", [ "v9.6", "h57.6" ] ],
    [ "led5:A", "led6:A", "green", [ "v9.6", "h57.6" ] ],
    [ "led1:A", "led2:A", "green", [ "v9.6", "h48" ] ],
    [ "led2:A", "led3:A", "green", [ "v9.6", "h57.6" ] ],
    [ "ultrasonic1:TRIG", "esp:D15", "yellow", [ "v48", "h-144.4", "v115.2" ] ],
    [ "ultrasonic1:ECHO", "esp:D2", "green", [ "v76.8", "h-192.8", "v67.2" ] ],
    [ "ultrasonic2:TRIG", "esp:D4", "yellow", [ "v0", "h-192.4", "v-134.4" ] ],
    [ "ultrasonic2:ECHO", "esp:D5", "green", [ "v9.6", "h-202.4", "v-163.2" ] ],
    [ "led1:C", "esp:D13", "purple", [ "v19.2", "h-297.2", "v172.8" ] ],
    [ "led2:C", "esp:D12", "magenta", [ "v9.6", "h-354.8", "v259.2" ] ],
    [ "led3:C", "esp:D14", "limegreen", [ "v28.8", "h-383.6", "v230.4" ] ],
    [ "led4:C", "esp:D27", "purple", [ "v9.6", "h-57.2", "v124.8", "h-192", "v-163.2" ] ],
    [ "led5:C", "esp:D26", "magenta", [ "v0", "h-134", "v153.6", "h-172.8", "v-192" ] ],
    [ "led6:C", "esp:D25", "limegreen", [ "v19.2", "h58", "v153.6", "h-432", "v-192" ] ]
  ],
  "serialMonitor": { "display": "plotter" },
  "dependencies": {}
}