{
  "version": 1,
  "author": "Anonymous maker",
  "editor": "wokwi",
  "parts": [
    { "type": "wokwi-breadboard", "id": "bb1", "top": -175.8, "left": -54.8, "attrs": {} },
    { "type": "wokwi-arduino-mega", "id": "mega", "top": -73.97, "left": 650.73, "attrs": {} },
    {
      "type": "wokwi-hc-sr04",
      "id": "ultrasonic1",
      "top": -302.2,
      "left": 400.3,
      "attrs": { "distance": "210" }
    },
    {
      "type": "wokwi-hc-sr04",
      "id": "ultrasonic2",
      "top": -313.68,
      "left": 1029.51,
      "attrs": { "distance": "2" }
    },
    {
      "type": "wokwi-led",
      "id": "led1",
      "top": -147.6,
      "left": 483.8,
      "attrs": { "color": "red" }
    },
    {
      "type": "wokwi-led",
      "id": "led2",
      "top": -147.55,
      "left": 512.54,
      "attrs": { "color": "yellow" }
    },
    {
      "type": "wokwi-led",
      "id": "led3",
      "top": -146.61,
      "left": 543,
      "attrs": { "color": "green" }
    },
    {
      "type": "wokwi-resistor",
      "id": "r1",
      "top": -62.4,
      "left": 479.45,
      "rotate": 90,
      "attrs": { "value": "220" }
    },
    {
      "type": "wokwi-resistor",
      "id": "r2",
      "top": -62.4,
      "left": 508.25,
      "rotate": 90,
      "attrs": { "value": "220" }
    },
    {
      "type": "wokwi-resistor",
      "id": "r3",
      "top": -62.4,
      "left": 537.05,
      "rotate": 90,
      "attrs": { "value": "220" }
    },
    { "type": "wokwi-led", "id": "led4", "top": -147.6, "left": 359, "attrs": { "color": "red" } },
    {
      "type": "wokwi-led",
      "id": "led5",
      "top": -147.6,
      "left": 387.8,
      "attrs": { "color": "yellow" }
    },
    {
      "type": "wokwi-led",
      "id": "led6",
      "top": -148.07,
      "left": 415.87,
      "attrs": { "color": "green" }
    },
    {
      "type": "wokwi-resistor",
      "id": "r4",
      "top": -62.4,
      "left": 354.65,
      "rotate": 90,
      "attrs": { "value": "220" }
    },
    {
      "type": "wokwi-resistor",
      "id": "r5",
      "top": -62.4,
      "left": 383.45,
      "rotate": 90,
      "attrs": { "value": "220" }
    },
    {
      "type": "wokwi-resistor",
      "id": "r6",
      "top": -62.4,
      "left": 412.25,
      "rotate": 90,
      "attrs": { "value": "220" }
    }
  ],
  "connections": [
    [ "ultrasonic1:GND", "bb1:tn.49", "black", [ "v66.22", "h38" ] ],
    [ "mega:GND.1", "bb1:tn.50", "black", [ "v0" ] ],
    [ "mega:5V.1", "bb1:tp.50", "magenta", [ "v0" ] ],
    [ "ultrasonic1:TRIG", "mega:5", "orange", [ "v15.12", "h399.5" ] ],
    [ "ultrasonic1:ECHO", "mega:4", "blue", [ "v9.43", "h399" ] ],
    [ "ultrasonic1:VCC", "bb1:tp.49", "magenta", [ "h0.22", "v21.53", "h42.1" ] ],
    [ "ultrasonic2:VCC", "bb1:tp.48", "magenta", [ "v47.12", "h-257.52" ] ],
    [ "ultrasonic2:GND", "bb1:tn.48", "black", [ "v73.38", "h-287.52" ] ],
    [ "ultrasonic2:TRIG", "mega:7", "orange", [ "v86.22", "h34.08" ] ],
    [ "ultrasonic2:ECHO", "mega:6", "blue", [ "v80.97", "h34.08" ] ],
    [ "mega:10", "bb1:57b.j", "red", [ "v-61.01", "h-206.07", "v128.15", "h-93.36" ] ],
    [ "mega:9", "bb1:60b.j", "gold", [ "v-67.63", "h-224.66", "v129.99", "h-55.97" ] ],
    [ "mega:8", "bb1:63b.j", "green", [ "v-74.38", "h-239.89", "v131", "h-21.44" ] ],
    [ "bb1:44b.j", "mega:13", "red", [ "v72.75", "h237.35", "v-159.86", "h158.38" ] ],
    [ "bb1:47b.j", "mega:12", "gold", [ "h-4.46", "v67.73", "h207.28", "v-161.12", "h173.11" ] ],
    [ "bb1:50b.j", "mega:11", "green", [ "v58.6", "h168.05", "v-157.65", "h189.08" ] ],
    [ "bb1:tn.40", "bb1:49t.d", "black", [ "v9.04", "h-10.67", "v48.46" ] ],
    [ "bb1:tn.39", "bb1:46t.d", "black", [ "v8.51", "h-29.66", "v48.99" ] ],
    [ "bb1:tn.38", "bb1:43t.d", "black", [ "v4.27", "h-48.11", "v53.23" ] ],
    [ "bb1:tn.45", "bb1:56t.d", "black", [ "v0" ] ],
    [ "bb1:tn.44", "bb1:59t.d", "black", [ "v74.25", "h47.2" ] ],
    [ "bb1:tn.43", "bb1:62t.d", "black", [ "v80.14", "h85.6" ] ],
    [ "led1:A", "bb1:57t.c", "", [ "$bb" ] ],
    [ "led1:C", "bb1:56t.c", "", [ "$bb" ] ],
    [ "led2:A", "bb1:60t.c", "", [ "$bb" ] ],
    [ "led2:C", "bb1:59t.c", "", [ "$bb" ] ],
    [ "led3:A", "bb1:63t.c", "", [ "$bb" ] ],
    [ "led3:C", "bb1:62t.c", "", [ "$bb" ] ],
    [ "r1:1", "bb1:57t.e", "", [ "$bb" ] ],
    [ "r1:2", "bb1:57b.i", "", [ "$bb" ] ],
    [ "r2:1", "bb1:60t.e", "", [ "$bb" ] ],
    [ "r2:2", "bb1:60b.i", "", [ "$bb" ] ],
    [ "r3:1", "bb1:63t.e", "", [ "$bb" ] ],
    [ "r3:2", "bb1:63b.i", "", [ "$bb" ] ],
    [ "led4:A", "bb1:44t.c", "", [ "$bb" ] ],
    [ "led4:C", "bb1:43t.c", "", [ "$bb" ] ],
    [ "led5:A", "bb1:47t.c", "", [ "$bb" ] ],
    [ "led5:C", "bb1:46t.c", "", [ "$bb" ] ],
    [ "led6:A", "bb1:50t.c", "", [ "$bb" ] ],
    [ "led6:C", "bb1:49t.c", "", [ "$bb" ] ],
    [ "r4:1", "bb1:44t.e", "", [ "$bb" ] ],
    [ "r4:2", "bb1:44b.i", "", [ "$bb" ] ],
    [ "r5:1", "bb1:47t.e", "", [ "$bb" ] ],
    [ "r5:2", "bb1:47b.i", "", [ "$bb" ] ],
    [ "r6:1", "bb1:50t.e", "", [ "$bb" ] ],
    [ "r6:2", "bb1:50b.i", "", [ "$bb" ] ]
  ],
  "dependencies": {}
}